Cobra Kai,Lupin,12 Monkeys,Sherlock
Lost,Jack Ryan,The Flash,Game of thrones,House of Cards,12 Monkeys,Vikings,Fringe,The Mentalist,The Alienist,Big Little Lies,Chernobyl
Sex Education,Dr. House,Kingdom,The Walking Dead
Ozark,Sex Education,Constantine,Preacher,Vikings,The Tick
Naruto
Sex Education
Locke & Key
Lupin
Fringe,Shooter,How to get away with murder
Queen of the South,Better Call Saul,Peaky Blinders
Sex Education
Atypical,Stranger Things,Homeland,Brooklyn Nine Nine
Daredevil,Atypical,The Walking Dead,The Witcher
One Piece,Queen of the South
Demon Slayer,Atypical,Stranger Things,Absentia,The Alienist,Chernobyl
Queen of the South,The Blacklist,Succession,Sex Education,Berlin Station,Atypical,Two and a half men,Kingdom,Orphan Black,Shooter,Stranger Things,The Mentalist,Absentia,Banshee,Designated Survivor
Daredevil,Lost,The Boys,Family Guy,The man in the high castle,Dr. House,Only Murders in the building,Ragnarok,Chernobyl,How I met your mother
Sex Education,Two and a half men,Only Murders in the building,Perception,Lucifer
Preacher,Only Murders in the building,Absentia,Spartacus,Big Little Lies,Dark
Lost,Gotham
